Accuracy,F1 Score,AUC,PSI,K-S Statistic
0.49,0.48484848484848486,0.5086868686868686,17.694595815542893,0.10707070707070698
